{
  "spec/process/triggers/flapping_retry_spec.rb": 111.041649768,
  "spec/process/pid_identity_spec.rb": 92.098042049,
  "spec/process/start_spec.rb": 82.52080572500002,
  "spec/process/checks/memory_spec.rb": 81.511739815,
  "spec/process/monitoring_spec.rb": 80.326109268,
  "spec/process/controller_spec.rb": 77.396869615,
  "spec/process/triggers/transition_spec.rb": 74.918583563,
  "spec/controller/chain_spec.rb": 73.21058179900001,
  "spec/controller/restart_spec.rb": 69.00919104500001,
  "spec/controller/stop_on_delete_spec.rb": 68.772447756,
  "spec/process/pid_managment_spec.rb": 67.845061458,
  "spec/process/triggers/starting_guard_spec.rb": 65.61647793899999,
  "spec/process/restart_spec.rb": 63.97382896599999,
  "spec/process/triggers/flapping_spec.rb": 63.311076487,
  "spec/process/checks/custom_spec.rb": 63.043082977999994,
  "spec/process/child_process_spec.rb": 53.480706254,
  "spec/process/pid_managment_emulate_spec.rb": 51.964325247000005,
  "spec/process/restart_emulate_spec.rb": 49.104042323,
  "spec/controller/delete_spec.rb": 48.240765343999996,
  "spec/controller/intergration_spec.rb": 46.985931478999994,
  "spec/process/triggers/custom_spec.rb": 46.842703140999994,
  "spec/process/checks/child_checks_spec.rb": 45.308366314,
  "spec/process/stop_spec.rb": 44.416110089,
  "spec/process/update_config_spec.rb": 44.012300696,
  "spec/process/triggers/stop_children_spec.rb": 30.331321291000002,
  "spec/process/checks/children_memory_spec.rb": 15.649978614999998,
  "spec/process/double_restart_spec.rb": 15.034547665000002,
  "spec/controller/races_spec.rb": 13.920385324,
  "spec/process/scheduler_spec.rb": 12.760408026999999,
  "spec/system_spec.rb": 10.109983954999999,
  "spec/controller/load_spec.rb": 9.081612680000001,
  "spec/controller/user_command_spec.rb": 8.619158618,
  "spec/controller/commands_spec.rb": 6.933362474,
  "spec/process/behaviour_spec.rb": 5.311100385,
  "spec/process/system_spec.rb": 4.88798858,
  "spec/child_process/child_process_spec.rb": 4.531423946,
  "spec/system_resources_spec.rb": 2.980826337,
  "spec/checker_spec.rb": 2.1494147949999998,
  "spec/controller/find_objects_spec.rb": 1.7947514260000004,
  "spec/client_server_spec.rb": 1.592981553,
  "spec/cli/render_spec.rb": 1.52817091,
  "spec/utils/signals_spec.rb": 1.520560271,
  "spec/process/use_leaf_child_spec.rb": 1.453820415,
  "spec/controller/data_spec.rb": 0.348888302,
  "spec/controller/controller_spec.rb": 0.257321997,
  "spec/dsl/process_spec.rb": 0.08819225599999997,
  "spec/process/config_spec.rb": 0.08683621200000001,
  "spec/dsl/checks_spec.rb": 0.059913316999999994,
  "spec/controller/group_spec.rb": 0.050549539,
  "spec/dsl/sub_procs_spec.rb": 0.046570353999999994,
  "spec/checker/memory_spec.rb": 0.03526974199999999,
  "spec/dsl/with_server_spec.rb": 0.030418920000000006,
  "spec/dsl/getter_spec.rb": 0.024629343,
  "spec/dsl/notify_spec.rb": 0.024531543,
  "spec/dsl/integration_spec.rb": 0.024090979999999994,
  "spec/dsl/load_spec.rb": 0.01910573,
  "spec/dsl/dsl_spec.rb": 0.018394339000000003,
  "spec/utils/matchers_spec.rb": 0.017504434,
  "spec/utils/alive_array_spec.rb": 0.015549242000000001,
  "spec/process/notify_spec.rb": 0.011528044000000001,
  "spec/dsl/monitor_children_spec.rb": 0.011522642999999999,
  "spec/dsl/config_spec.rb": 0.01151659,
  "spec/dsl/chain_spec.rb": 0.009896165,
  "spec/process/states_history_spec.rb": 0.00968271,
  "spec/utils_spec.rb": 0.006873663,
  "spec/process/data_spec.rb": 0.006633102,
  "spec/utils/tail_spec.rb": 0.006303808,
  "spec/logger_spec.rb": 0.005688632,
  "spec/mock_spec.rb": 0.005486294,
  "spec/dsl/transform_spec.rb": 0.004024014,
  "spec/local_spec.rb": 0.002118096
}
